id,value
the,5918
to,5590
and,5437
i,4968
yo,3803
a,3638
t,3085
of,2952
we,2783
it,2523
that,2361
have,2266
they,2204
in,2062
going,2055
b,2025
so,1659
r,1637
o,1599
is,1534
s,1436
people,1327
know,1314
–,1300
be,1184
it’s,1107
are,1074
for,1064
this,1015
do,1000
we’re,982
was,978
he,978
not,962
se,958
co,950
with,944
don’t,888
all,822
what,808
st,781
beca,776
said,772
i’m,772
want,760
p,748
me,745
on,733
very,721
great,689
they’re,678
abo,642
ld,641
get,633
like,627
think,626
one,595
if,591
j,591
them,582
will,562
at,552
ntry,528
now,519
m,519
say,511
right,500
—,499
that’s,497
no,484
when,476
by,475
n,449
wo,424
these,420
ch,419
re,415
g,415
can,411
tr,406
look,398
been,398
from,392
go,391
money,390
lot,378
got,367
there,367
many,366
my,365
had,359
good,357
make,349
or,346
an,344
really,338
has,337
back,336
as,333
way,333
mean,327
over,321
who,319
even,314
take,307
he’s,307
she,300
time,294
than,293
some,291
see,289
never,287
tell,287
how,281
well,280
doing,279
then,279
i’ve,278
other,278
their,277
love,275
win,275
more,274
mp,268
’re,266
big,259
gh,255
did,251
l,248
here,245
again,244
things,243
thing,241
come,237
can’t,236
didn’t,234
believe,231
him,230
thank,229
y,227
everybody,226
where,222
world,220
tho,219
ever,216
deal,213
years,211
were,208
president,204
trade,203
into,201
e,201
ally,197
okay,197
which,197
china,195
something,189
million,188
jobs,188
need,186
happen,185
sho,185
act,180
america,177
why,175
down,170
talk,169
wall,169
bad,166
done,166
i’ll,163
those,162
let,160
000,159
better,159
only,157
new,157
came,156
ago,156
q,155
hillary,155
care,154
mexico,154
oh,154
mber,153
ldn’t,152
ght,151
states,150
every,148
nobody,147
nice,147
his,146
give,145
little,145
her,141
incredible,140
first,139
we’ve,138
what’s,137
two,137
remember,136
folks,136
ild,136
d,132
f,132
any,132
before,131
talking,131
saying,128
person,128
nited,128
bring,123
made,123
being,122
tremendo,121
work,120
probably,119
fact,118
problem,118
place,118
billion,117
somebody,117
doesn’t,116
clinton,116
h,116
iowa,116
military,115
there’s,115
seen,114
maybe,114
different,114
pay,114
coming,114
amazing,113
job,113
always,112
after,112
happened,112
day,111
nothing,111
obama,110
anything,110
sands,110
nd,110
won,110
poll,109
last,109
most,109
th,108
went,108
millions,107
year,105
man,105
deals,105
does,104
too,104
fo,102
don,102
long,101
’ve,100
wanted,99
immigration,98
thro,98
important,98
press,98
second,97
gro,97
getting,97
also,96
c,96
else,91
against,91
ys,90
saw,89
ilding,89
she’s,89
smart,89
american,88
anybody,88
anymore,87
nderstand,86
off,86
isis,86
happening,86
hard,86
everything,86
ntries,85
siness,85
iran,85
won’t,85
change,84
bea,84
they’ve,84
trillion,84
sed,84
whole,84
dollars,83
mbers,83
end,83
best,82
call,82
border,82
rep,82
gave,82
israel,82
today,80
started,79
ring,78
am,78
state,78
same,78
politicians,78
worst,77
totally,77
keep,77
days,77
away,76
tif,76
sec,75
ve,75
real,75
strong,75
horrible,75
left,75
story,74
tax,74
start,73
history,73
campaign,73
stop,73
called,73
iraq,72
took,71
disaster,70
ed,70
ho,69
companies,69
oil,69
i’d,69
three,68
cr,68
we’ll,68
heard,67
making,67
they’ll,67
japan,66
pport,66
almost,66
veterans,65
wants,65
polls,65
rity,65
system,65
television,65
special,65
middle,65
nning,64
company,64
another,64
hell,64
aro,64
pid,64
vote,63
taken,63
life,62
sh,62
ff,62
taking,62
hear,62
five,61
times,61
party,61
winning,61
greatest,61
far,61
vets,60
donald,60
ok,60
ple,59
fight,59
friend,59
policy,59
protect,59
common,58
single,58
absol,58
kind,58
problems,58
radical,57
rid,57
illegal,56
estion,56
ll,56
leaders,56
says,56
wrong,55
ilt,55
$1,55
anno,55
percent,55
leave,54
its,54
next,54
let’s,54
speech,54
foreign,54
happens,54
biggest,54
leading,54
wonderf,54
obamacare,53
florida,53
able,53
here’s,53
room,53
spent,53
nbelievable,53
5,53
z,53
rich,52
help,52
friends,52
mr,52
amendment,51
terrible,51
they’d,51
night,50
weeks,50
incl,50
rn,49
gone,49
less,49
total,49
lose,49
pposed,49
places,49
massive,48
knew,48
told,48
office,48
easy,48
pretty,48
close,48
while,48
who’s,48
own,48
months,48
leaving,48
sort,48
respect,48
east,47
having,47
together,47
looking,47
clear,47
lost,47
comm,47
honestly,47
old,46
nation,46
reason,46
ps,46
tely,46
find,46
bit,46
nder,46
administration,46
woman,46
happy,45
along,45
working,45
become,45
order,45
means,45
comes,45
americans,45
show,45
blican,45
ng,45
pro,45
knows,45
hit,45
send,44
interests,44
trying,44
treated,44
hampshire,44
worse,44
ding,44
feel,44
political,44
power,43
killed,43
red,43
watch,43
goes,43
debate,43
owe,43
te,42
he’ll,42
borders,42
energy,42
badly,42
ns,42
given,42
ask,41
losing,41
allowed,41
jeb,41
aren’t,41
forget,41
spend,41
ne,41
week,41
york,41
whether,41
carolina,40
war,40
home,40
ndreds,40
islamic,40
name,40
ted,40
$2,40
few,40
asked,39
leadership,39
sense,39
move,39
es,39
per,39
free,39
frankly,39
case,38
economy,38
witho,38
washington,38
yet,38
20,38
beat,38
top,38
reasons,38
women,38
choice,37
certain,37
self,37
dr,37
terms,37
read,37
may,37
50,37
lly,37
watching,37
plan,36
terrorism,36
live,36
telling,36
wait,36
wasn’t,36
cation,36
statement,36
ads,36
election,36
rs,35
ts,35
fair,35
taxes,35
government,35
indiana,35
ccessf,35
soon,35
nding,35
blicans,35
democrats,35
cameras,34
korea,34
mine,34
interesting,34
fast,34
serio,34
honor,34
mention,34
nity,34
’ll,34
paying,34
po,34
words,34
example,33
credit,33
small,33
spending,33
negative,33
tonight,33
thinking,33
moving,33
zero,33
point,33
reb,33
ref,33
dget,33
ess,33
bigger,33
six,33
gets,33
fighting,33
watched,32
process,32
bro,32
law,32
contin,32
matter,32
fort,32
killing,32
ble,31
line,31
high,31
cl,31
ct,31
hispanics,31
air,31
nced,31
family,31
since,31
both,31
signed,31
talked,31
isn’t,31
part,31
yesterday,31
min,31
paris,31
evangelicals,31
ones,31
sign,30
eq,30
conservative,30
syria,30
governor,30
side,30
save,30
10,30
general,30
gotten,30
fine,30
period,30
might,30
crowd,29
tting,29
agree,29
sell,29
sent,29
establishment,29
votes,29
word,29
amo,29
endorsed,29
takes,29
third,29
crazy,29
children,29
simple,29
raise,29
rned,29
dishonest,29
cnn,29
core,29
stand,29
possible,28
sa,28
open,28
makes,28
rigged,28
$150,28
safe,28
speak,28
cost,28
yeah,28
deficit,28
whatever,28
lives,28
control,28
attack,28
15,28
idea,28
ickly,28
nt,28
exec,28
recently,28
sit,28
still,28
deval,27
2,27
laws,27
dden,27
cars,27
media,27
interest,27
doctor,27
sing,27
tside,27
candidates,27
social,26
allow,26
john,26
powerf,26
carl,26
islam,26
ben,26
yes,26
everyone,26
others,26
la,26
lo,26
lt,26
res,26
negotiate,26
prod,26
favor,26
largest,26
record,26
bringing,25
rt,25
ntil,25
raised,25
fairness,25
imagine,25
race,25
low,25
waste,25
prisoners,25
elected,25
ahead,25
gs,25
across,25
police,25
movement,25
ded,25
please,25
street,25
mess,25
term,25
wife,25
workers,25
sad,24
hey,24
plant,24
ca,24
half,24
importantly,24
cannot,24
haven’t,24
iss,24
ford,24
sitting,24
least,24
ation,24
bill,24
already,24
head,24
longer,24
level,24
white,24
weapons,24
rate,24
wisconsin,24
once,24
book,24
debt,23
didn,23
costs,23
6,23
baby,23
strength,23
di,23
certainly,23
honest,23
nine,23
nless,23
marco,23
controlled,23
met,23
100,23
answer,23
nfair,23
magazine,23
boy,23
nded,23
secretary,23
arabia,23
victory,23
report,23
$5,23
wrote,23
later,22
san,22
ghter,22
ivanka,22
ses,22
tro,22
bridges,22
worth,22
appreciate,22
bank,22
tive,22
hands,22
front,22
exactly,22
force,22
fantastic,22
father,22
anyone,22
especially,22
morning,22
12,22
talks,22
ly,22
hate,22
eno,22
each,22
immigrants,22
lobbyists,22
strongly,22
debates,22
instead,22
walk,22
mike,22
kids,21
fig,21
date,21
ipment,21
pledge,21
ind,21
allies,21
received,21
sending,21
terrific,21
between,21
’d,21
nobody’s,21
stay,21
24,21
late,21
giving,21
al,21
billions,21
we’d,21
corr,21
dience,21
kill,21
disg,21
nities,21
hotel,21
pt,21
ships,21
infrastr,20
tion,20
lots,20
failed,20
opinion,20
false,20
ck,20
write,20
cold,20
worry,20
evening,20
lie,20
pacs,20
economic,20
treat,20
points,20
nevada,20
sly,20
miles,20
majority,20
politician,20
knock,20
nafta,20
respected,20
check,20
cases,20
hasn’t,20
pennsylvania,20
except,20
politics,20
$6,20
peace,20
fairly,19
trillions,19
enemy,19
hope,19
calling,19
impossible,19
carson,19
overseas,19
month,19
event,19
estions,19
wow,19
doesn,19
rse,19
anyway,19
based,19
romney,19
it’ll,19
form,19
texas,19
11,19
beginning,19
bio,19
reg,19
ad,19
cities,19
myself,19
class,19
growth,19
lead,19
bergdahl,19
nds,19
promise,19
ro,18
incompetent,18
corporate,18
foc,18
citizens,18
mexican,18
relationship,18
cover,18
parents,18
agreement,18
stage,18
created,18
early,18
poor,18
learned,18
selling,18
soldiers,18
congrat,18
nato,18
page,18
victories,18
seven,18
contrib,18
correct,18
speaking,18
protected,18
either,18
chris,18
needs,18
names,18
virt,18
center,18
heat,18
legally,18
medicare,18
tes,18
major,18
filed,18
waiting,18
heart,18
anywhere,18
looks,18
crowds,18
val,18
tired,17
letter,17
fox,17
straighten,17
politically,17
large,17
bo,17
terrorists,17
chance,17
highly,17
de,17
families,17
attacked,17
beating,17
north,17
finally,17
grow,17
california,17
17,17
pac,17
30,17
themselves,17
environmental,17
nemployment,17
speeches,17
agrees,17
1,17
$100,17
100%,17
disc,17
nbc,17
blic,17
highest,17
looked,17
leag,17
leader,17
ction,16
schools,16
financial,16
worked,16
bottom,16
angry,16
policies,16
pict,16
rrency,16
try,16
face,16
lations,16
honored,16
phenomenal,16
negotiators,16
global,16
tomorrow,16
$19,16
hospitals,16
yemen,16
ready,16
imbalance,16
tens,16
candidate,16
stry,16
paid,16
icahn,16
chicago,16
private,16
bing,16
airports,16
add,16
pence,16
endorsement,16
george,16
dying,16
known,16
art,16
higher,16
carrier,16
inside,15
disgrace,15
city,15
ways,15
ab,15
bernie,15
set,15
involved,15
society,15
lar,15
germany,15
asking,15
$10,15
dangero,15
arantee,15
area,15
mp:,15
helped,15
terrorist,15
7,15
apprentice,15
clean,15
citizen,15
properly,15
delegates,15
mind,15
america’s,15
4,15
des,15
response,15
dge,15
moment,15
loves,15
traitor,15
national,15
weak,15
news,15
christmas,15
attacks,15
papers,15
advantage,15
crime,15
table,15
health,15
ph,15
immediately,15
appla,15
local,15
perhaps,15
listen,14
statements,14
action,14
tpp,14
impact,14
concerned,14
standing,14
literally,14
letters,14
crooked,14
ina,14
compared,14
saved,14
break,14
negotiation,14
born,14
dead,14
message,14
silent,14
banks,14
los,14
beyond,14
intelligence,14
school,14
stat,14
ssia,14
20%,14
wonder,14
jo,14
conseq,14
assets,14
25,14
create,14
hopef,14
lation,14
christians,14
primary,14
rather,14
aven,14
pa,14
plants,14
meaning,14
fed,14
dible,14
mitt,14
this:,14
screaming,13
reporter,13
senators,13
convention,13
showed,13
babies,13
enemies,13
decades,13
ripping,13
opposite,13
radicalized,13
consider,13
smartest,13
entire,13
interviewed,13
sometimes,13
bject,13
jewish,13
slim,13
snake,13
enforcement,13
angeles,13
ins,13
child,13
messenger,13
above,13
dy,13
sting,13
kept,13
terror,13
mostly,13
develop,13
finish,13
rrent,13
held,13
likes,13
wealth,13
vario,13
admit,13
dealing,13
living,13
among,13
tennessee,13
meeting,13
shape,13
forward,13
closing,13
eight,13
wish,13
mo,13
negotiating,13
$50,13
acco,13
sinesses,13
libya,13
calls,13
tea,13
lower,13
income,13
weren’t,13
joe,13
increase,12
nations,12
bomb,12
theme,12
bobby,12
anyways,12
awards,12
bernardino,12
dirty,12
experience,12
scott,12
play,12
approve,12
senate,12
boeing,12
perfect,12
presidential,12
partnership,12
stronger,12
ing,12
compete,12
christie,12
ildings,12
negotiator,12
ctions,12
car,12
shows,12
ohio,12
3,12
talented,12
landslide,12
ghest,12
gonna,12
exciting,12
moved,12
pean,12
essentially,12
destabilize,12
liked,12
rself,12
destroy,12
lies,12
1%,12
behind,12
starting,12
ences,12
!,12
28,12
easily,12
gay,12
nasty,12
greater,12
ret,12
position,12
works,12
’,12
changed,12
destroyed,12
sinessman,12
bridge,12
tions,12
orlando,12
tin,12
plans,12
pop,12
500,12
spirit,12
$21,12
tower,12
ccess,12
christian,12
ndits,12
clinton’s,12
9,12
kerry,12
afraid,12
partic,12
boom,12
spoke,11
vicio,11
fix,11
extent,11
25%,11
possibly,11
melania,11
positive,11
afford,11
warriors,11
complete,11
heads,11
golf,11
migration,11
recent,11
location,11
benefit,11
walker,11
altho,11
financials,11
relationships,11
employees,11
tone,11
hand,11
mails,11
gho,11
$500,11
ass,11
game,11
within,11
department,11
ge,11
mentioned,11
instance,11
merry,11
loss,11
stories,11
sanders,11
donors,11
explain,11
felt,11
france,11
killer,11
14,11
shot,11
checks,11
according,11
difference,11
none,11
patton,11
backed,11
orders,11
nashville,11
cated,11
35,11
3%,11
da,11
ality,11
le,11
hair,11
endorse,11
signing,11
flow,11
earth,11
alabama,11
charge,11
npredictable,11
50%,11
fan,11
stice,11
expect,11
defense,11
steve,11
ability,11
warming,11
service,10
feeling,10
escalator,10
nicely,10
fra,10
son,10
protester,10
believes,10
complicated,10
west,10
slims,10
standpoint,10
rage,10
rapidly,10
land,10
legal,10
books,10
ying,10
sergeant,10
steel,10
meant,10
francisco,10
rther,10
$58,10
rates,10
anger,10
begin,10
forever,10
notice,10
factories,10
rprised,10
approved,10
jeff,10
sted,10
sheriff,10
immigrant,10
jersey,10
parts,10
sorry,10
personal,10
caterpillar,10
starts,10
doc,10
representing,10
potential,10
ridic,10
individ,10
16,10
raising,10
kasich,10
file,10
walls,10
expensive,10
geni,10
violence,10
45,10
40,10
hats,10
generals,10
tom,10
ran,10
obvio,10
apart,10
cards,10
college,10
region,10
senator,10
cash,10
$20,10
short,10
feet,10
became,10
hatred,10
graham,10
sir,10
wealthy,10
replace,9
wins,9
easier,9
respond,9
letting,9
worker,9
hat,9
whoever,9
vet,9
backgro,9
exact,9
brilliant,9
believed,9
16th,9
anti,9
death,9
nabisco,9
victims,9
br,9
likewise,9
led,9
les,9
conditioners,9
deficits,9
$400,9
voted,9
niversity,9
sband,9
concept,9
rselves,9
nomination,9
bstantially,9
ended,9
prospero,9
drop,9
liberal,9
caref,9
ship,9
hire,9
inversions,9
tried,9
todd,9
seeing,9
nat,9
employed,9
shed,9
piece,9
men,9
10%,9
roof,9
differently,9
afghanistan,9
johnson,9
18,9
preme,9
solve,9
disappointed,9
doctors,9
evangelical,9
doral,9
foolish,9
decision,9
goods,9
god,9
planes,9
nbelievably,9
knight,9
lf,9
req,9
loved,9
areas,9
finished,9
monmo,9
deere,9
phony,9
ms,9
estate,9
ens,9
writing,9
ral,9
hispanic,9
plenty,9
gees,9
criticized,9
conference,9
beef,9
sched,9
55,9
5%,9
42%,9
nny,9
stands,9
sessions,9
60,9
catastrophe,9
september,9
cheapest,9
whom,9
patrol,9
macarth,9
lts,9
agreed,9
married,9
ripped,9
bble,9
kidding,9
illegally,9
therefore,8
pported,8
93,8
komats,8
attorney,8
ld’ve,8
solved,8
team,8
ss,8
walking,8
famo,8
missiles,8
congress,8
ty,8
plane,8
exc,8
reporters,8
sea,8
religion,8
tape,8
dallas,8
packed,8
ce,8
labor,8
va,8
keystone,8
commitment,8
roads,8
sharia,8
bombing,8
nts,8
forced,8
voting,8
mistake,8
jerry,8
loyal,8
whenever,8
indeed,8
domain,8
shown,8
nivision,8
hacks,8
straightened,8
bankr,8
miss,8
nce,8
str,8
voters,8
pset,8
grand,8
qatar,8
ster,8
militarily,8
manhattan,8
miners,8
commercial,8
sanctions,8
grad,8
blicity,8
nderstands,8
whose,8
georgia,8
net,8
earn,8
rning,8
mb,8
international,8
pidity,8
views,8
13,8
killers,8
nearly,8
trader,8
mark,8
seconds,8
deep,8
fall,8
stood,8
bible,8
playing,8
2%,8
obama’s,8
members,8
wages,8
mosq,8
gitmo,8
tender,8
11th,8
organization,8
rnal,8
prepared,8
2004,8
talent,8
willing,8
rea,8
bye,8
protecting,8
pil,8
poorly,8
liberty,8
path,8
enter,8
ceiling,8
beada,8
pick,8
nk,8
gives,8
dgets,8
direction,8
inspect,8
ladies,8
chinese,8
fat,8
list,8
eminent,8
goal,8
threat,8
vigilant,8
mainstream,8
networks,8
respects,8
agreements,8
weather,8
reported,7
effective,7
ry,7
responsible,7
battlefield,7
circ,7
$200,7
proven,7
floor,7
prevent,7
address,7
wherever,7
thanking,7
kraine,7
smarter,7
vision,7
jets,7
article,7
boom!,7
rest,7
ctibles,7
darling,7
poverty,7
champion,7
atlantic,7
age,7
highways,7
rses,7
defeat,7
33%,7
competence,7
cks,7
ends,7
site,7
repeal,7
ltimately,7
defend,7
sla,7
sarah,7
palestinian,7
nifier,7
sends,7
post,7
basically,7
incoming,7
51%,7
veteran,7
cares,7
gentlemen,7
rden,7
diffic,7
negotiated,7
throw,7
mps,7
broke,7
safety,7
nch,7
toward,7
sets,7
missing,7
spray,7
ranked,7
ndation,7
statistics,7
achievement,7
kate,7
mp’s,7
pports,7
lled,7
emails,7
michigan,7
grab,7
began,7
decided,7
sorts,7
gathering,7
tiny,7
balance,7
anchor,7
governors,7
failing,7
troops,7
designed,7
profiling,7
gen,7
dollar,7
remain,7
share,7
23,7
carnage,7
jared,7
replaced,7
itself,7
rge,7
30%,7
mindset,7
he’d,7
incompetence,7
visited,7
gher,7
noisy,7
opport,7
hospital,7
rand,7
western,7
however,7
expected,7
vetting,7
ick,7
regime,7
water,7
devastated,7
ters,7
someplace,7
actions,7
decisions,7
fab,7
sch,7
lyin’,7
tractors,7
$4,7
mistakes,7
pipeline,7
simon,7
someday,7
ntants,7
fear,7
sick,7
9%,6
repealed,6
blew,6
bled,6
fail,6
nationwide,6
anybody’s,6
presidency,6
destr,6
gridlock,6
constit,6
falling,6
opposed,6
everywhere,6
believer,6
nascar,6
siege,6
sat,6
phil,6
screen,6
expression,6
locally,6
sic,6
thinks,6
acc,6
parties,6
hello,6
adam,6
moines,6
lobbyist,6
scam,6
information,6
ite,6
it;,6
fire,6
bl,6
appropriate,6
pacific,6
walked,6
magic,6
charity,6
destroying,6
2016,6
realize,6
disastro,6
david,6
45%,6
sharon,6
defending,6
instit,6
35%,6
web,6
increased,6
mastermind,6
tter,6
protection,6
instr,6
owned,6
crimes,6
rated,6
yen,6
pted,6
41%,6
ncement,6
brag,6
platea,6
spread,6
becoming,6
ilder,6
interested,6
hardest,6
trans,6
lied,6
inversion,6
directly,6
$18,6
llets,6
televisions,6
ced,6
nces,6
rder,6
charged,6
treatment,6
iran’s,6
horror,6
stopped,6
base,6
mobile,6
renegotiate,6
dominant,6
mission,6
rope,6
shing,6
nonsense,6
infl,6
practically,6
friendly,6
growing,6
meet,6
conservatives,6
minds,6
speaker,6
freedom,6
noticed,6
inner,6
pportive,6
vast,6
permit,6
rights,6
weakness,6
discipline,6
china’s,6
ambassador,6
ban,6
zones,6
interr,6
african,6
canada,6
trace,6
largely,6
broken,6
syrian,6
field,6
48%,6
represent,6
airport,6
ntry’s,6
brady,6
nting,6
21,6
22,6
services,6
theft,6
secret,6
gas,6
sinessperson,6
ldn,6
hated,6
magnificent,6
hostages,6
pfizer,6
ghing,6
44%,6
ption,6
reserves,6
democracy,6
stock,6
jails,6
lines,6
criminal,6
apologize,6
staff,6
deliver,6
weapon,6
ffering,6
ghed,6
brand,6
shooting,6
4%,6
ethanol,6
teleprompters,6
hillary’s,6
expense,6
palin,6
stopping,6
complex,6
overrated,6
endorsing,6
football,6
brother,6
oklahoma,6
necessarily,6
rrender,6
people’s,6
niverse,6
commercials,6
virginia,6
competition,6
thern,6
ments,6
apartment,6
program,6
soccer,6
traveled,6
depleted,6
arm,6
bibi,6
creating,6
pl,6
temperament,6
rip,6
pporting,6
dwight,6
11%,6
polling,6
cheerleader,6
interview,6
bills,6
chaos,6
goals,6
view,6
opening,6
cing,6
below,6
factory,5
petrae,5
jihad,5
k,5
strike,5
paperwork,5
eisenhower,5
thrilled,5
singer,5
melissa,5
ations,5
lgbt,5
planned,5
spin,5
player,5
financially,5
slightly,5
raises,5
waits,5
exist,5
hold,5
settle,5
attit,5
jamiel,5
internet,5
borrow,5
32%,5
mccain,5
former,5
ivy,5
assa,5
sand,5
past,5
door,5
stated,5
isn,5
disgracef,5
register,5
england,5
research,5
factor,5
compliment,5
crying,5
world’s,5
sides,5
fighter,5
cts,5
cceed,5
referring,5
motorcycle,5
clearly,5
cky,5
afghan,5
’17,5
deadly,5
details,5
controversial,5
falwell,5
tariff,5
provide,5
$59,5
standard,5
wasted,5
target,5
disavowed,5
dozens,5
property,5
rnc,5
zone,5
market,5
mping,5
et,5
space,5
card,5
lindsey,5
bjects,5
15%,5
peacef,5
aren,5
heroin,5
advertising,5
lowering,5
committed,5
horse,5
scotland,5
feels,5
damn,5
ratings,5
showing,5
interestingly,5
chelsea,5
ryan,5
enforce,5
picked,5
rotten,5
stance,5
crap,5
favorability,5
awf,5
crats,5
ha,5
eric,5
determination,5
forgot,5
tells,5
shame,5
sentence,5
profits,5
die,5
democrat,5
cetera,5
landslides,5
staying,5
19,5
tractor,5
clintons,5
normal,5
premi,5
ence,5
reading,5
jr,5
admitting,5
jews,5
gross,5
lifetime,5
fill,5
admissions,5
rdered,5
blood,5
ndraisers,5
someone,5
$250,5
extremely,5
express,5
reverse,5
ireland,5
cents,5
heaven’s,5
pstairs,5
officials,5
lted,5
access,5
safer,5
32,5
named,5
ashamed,5
mbest,5
rer,5
finest,5
benghazi,5
mexico’s,5
sweden,5
fixed,5
reform,5
otherwise,5
reporting,5
domestic,5
proper,5
yorkers,5
46,5
”,5
rney,5
join,5
religio,5
arizona,5
pope,5
asians,5
adding,5
$125,5
characters,5
mother,5
everything’s,5
tsider,5
chapter,5
ppp,5
constr,5
written,5
destabilized,5
66,5
$25,5
director,5
blow,5
seems,5
donations,5
joking,5
pastors,5
christianity,5
tiffany,5
cbs,5
invest,5
als,5
sony,5
nightcl,5
thrown,5
$7,5
$3,5
chairman,5
sold,5
polled,5
helping,5
gang,5
maniac,5
smaller,5
academy,5
brain,5
coaches,5
loser,5
ates,4
affiliated,4
explained,4
backing,4
99,4
win;,4
hot,4
marginalize,4
62%,4
medicaid,4
wasn,4
boston,4
cops,4
ssians,4
irs,4
ire,4
dents,4
excited,4
conditioner,4
prison,4
palestinians,4
constantly,4
raped,4
forming,4
accomplished,4
easiest,4
behalf,4
originally,4
sq,4
sc,4
limba,4
records,4
note,4
pages,4
nately,4
genero,4
bombs,4
persians,4
vacation,4
breath,4
gdp,4
reso,4
6%,4
overthrow,4
spectac,4
walks,4
mass,4
resol,4
pply,4
where’s,4
genesco,4
november,4
knocked,4
accept,4
signs,4
mistreated,4
minerals,4
conditioning,4
testament,4
leverage,4
aaa,4
brooklyn,4
writes,4
closely,4
insane,4
sex,4
loan,4
agents,4
hitting,4
dealmaker,4
extreme,4
nra,4
radicalization,4
nthinkable,4
nlike,4
bt,4
fixing,4
definitely,4
elements,4
fewer,4
ties,4
solidarity,4
meantime,4
ssing,4
gays,4
sodomized,4
oreos,4
terminate,4
following,4
taxed,4
ramp,4
harwood,4
moments,4
desk,4
2nd,4
loans,4
rnament,4
basic,4
dismantle,4
voter,4
55%,4
green,4
certified,4
forces,4
version,4
mitch,4
ayeyeye,4
cons,4
rno,4
53%,4
pays,4
balanced,4
promised,4
holding,4
shared,4
disavow,4
migrants,4
shooter,4
norway,4
denmark,4
el,4
challenges,4
lawyers,4
marine,4
$12,4
oppressive,4
price,4
rpose,4
fifth,4
title,4
tives,4
congressmen,4
apartments,4
mbling,4
600,4
pointing,4
balancing,4
witnessed,4
lacks,4
stayed,4
reject,4
dream,4
fool,4
knocking,4
store,4
phenomenon,4
mentation,4
pack,4
hoax,4
gsa,4
excavators,4
parade,4
eating,4
rday,4
silence,4
renewal,4
visas,4
himself,4
ordered,4
bsidies,4
catastrophes,4
inspection,4
colonel,4
ride,4
mstance,4
amate,4
relations,4
bet,4
rkey,4
violation,4
dreamers,4
achieve,4
overall,4
shake,4
hits,4
kicks,4
main,4
harder,4
mcconnell,4
cleveland,4
limitations,4
instinct,4
final,4
eat,4
massach,4
protest,4
enth,4
reagan,4
honey,4
lesbian,4
rces,4
fellas,4
ending,4
ignorance,4
loaded,4
basis,4
ting,4
trigger,4
threw,4
website,4
near,4
grown,4
programs,4
fighters,4
facts,4
somehow,4
nervo,4
amazingly,4
average,4
parenthood,4
weekend,4
bob,4
enormo,4
sake,4
fly,4
claim,4
contracts,4
jail,4
lse,4
finance,4
monster,4
corporations,4
memo,4
broadcast,4
gotta,4
200,4
corner,4
black,4
ilty,4
nleashed,4
sleeping,4
everyday,4
sams,4
amazed,4
aspect,4
pockets,4
celebrity,4
independence,4
economically,4
wiped,4
entry,4
deserted,4
perry,4
park,4
elections,4
development,4
dishonesty,4
often,4
examples,4
connectic,4
pee,4
300,4
stripped,4
responded,4
31,4
scandal,4
screening,4
ch!,4
$350,4
else’s,4
profile,4
endorsements,4
bombers,4
backwards,4
incentive,4
veterans’,4
secrets,4
46%,4
ggle,4
admitted,4
everybody’s,4
deaths,4
42,4
violate,4
$45,4
risk,4
rise,4
beaten,4
gate,4
40%,4
400,4
pidly,4
cable,4
washer,4
gov,4
tolerant,4
onto,4
hearing,4
percentage,4
tool,4
despite,4
roadways,4
cycle,4
y’s,4
vietnam,4
obsolete,4
crippled,4
dropped,4
vital,4
reince,4
rent,4
prosperity,4
responsibility,4
hedge,4
ctioned,4
comp,4
events,4
changing,4
rickles,4
arterback,4
sleaze,4
spends,4
follow,4
activities,4
markets,4
minor,4
flag,4
bcommittee,4
pray,4
somebody’s,4
cookie,4
king,4
exempt,4
imports,4
added,4
rth,4
longest,4
ary,4
arg,4
strategy,4
behavior,4
repealing,4
independents,4
allowing,4
vice,4
fold,4
rrently,4
motor,4
tal,4
130,4
complicate,4
choose,4
85,4
tenant,4
straight,4
ndred,4
cried,4
closed,4
disagree,4
collar,4
rocket,4
protesters,4
112,4
setts,4
14th,4
threats,4
carried,4
incredibly,4
trojan,3
wednesday,3
controversy,3
criticism,3
opponents,3
relax,3
brings,3
masterminds,3
travel,3
shores,3
threatened,3
ate,3
basketball,3
predictable,3
ests,3
meetings,3
sexism,3
professionals,3
piggy,3
release,3
wto,3
homeland,3
sells,3
principals,3
tops,3
workforce,3
sol,3
beings,3
considered,3
negotiations,3
ltimate,3
role,3
intend,3
invested,3
stays,3
tear,3
chopping,3
alone,3
ted’s,3
pretend,3
stole,3
divider,3
kanye,3
tore,3
globalization,3
believers,3
collapsing,3
saving,3
sal,3
jefferson,3
remarks,3
athletes,3
drive,3
prime,3
newspaper,3
blah,3
trains,3
dark,3
dare,3
pon,3
racial,3
neighbor,3
everyone’s,3
heh,3
cnbc,3
ideally,3
tomobile,3
original,3
scr,3
nheard,3
richard,3
clock,3
section,3
civilians,3
pearl,3
bonded,3
deems,3
smiling,3
definition,3
owners,3
one’s,3
threatening,3
fights,3
writer,3
wayne,3
that;,3
progressive,3
banking,3
sen,3
‘take,3
representative,3
reliable,3
expanded,3
forgetting,3
vol,3
snail,3
levels,3
projects,3
jokingly,3
nowhere,3
elsewhere,3
dislike,3
harbor,3
ah,3
tools,3
ministers,3
carrying,3
weaker,3
bent,3
delay,3
blocks,3
pporters,3
2013,3
glasses,3
greedy,3
rders,3
bai,3
elite,3
roberts,3
rnett,3
nfriendly,3
handle,3
nism,3
catastrophic,3
elites,3
ssels,3
rooms,3
’16,3
cracy,3
nter,3
increases,3
salaries,3
eens,3
convince,3
inj,3
mcla,3
lasted,3
gadhafi,3
manip,3
compassion,3
coins,3
cational,3
las,3
mayor,3
reasonable,3
veto,3
admits,3
persec,3
phase,3
grave,3
nified,3
nfort,3
steal,3
downgrades,3
mmer,3
incorrectly,3
independent,3
lyndon,3
boxes,3
rns,3
$75,3
cherish,3
test,3
welcome,3
devoted,3
vegas,3
brave,3
ilds,3
latory,3
franklin,3
fbi,3
organizations,3
nation’s,3
islands,3
no!,3
forms,3
broadcasts,3
non,3
barron,3
ex,3
obligation,3
size,3
eliminates,3
$15,3
apples,3
online,3
mrs,3
fifty,3
bigly,3
losers,3
blame,3
daddy,3
orientation,3
soil,3
embrace,3
followers,3
capability,3
comparison,3
greatly,3
cate,3
moves,3
fools,3
corey,3
corps,3
streets,3
arena,3
iowa’s,3
harleys,3
cheering,3
rapists,3
committee,3
food,3
favored,3
ietly,3
earliest,3
terribly,3
station,3
passed,3
rnberry,3
grew,3
towards,3
convinced,3
isolationist,3
competing,3
nleash,3
statistically,3
lived,3
temporary,3
barack,3
fathers,3
delivered,3
loopholes,3
asphalt,3
facebook,3
stify,3
ropean,3
danger,3
simpler,3
becomes,3
70%,3
thriving,3
completely,3
rrencies,3
stress,3
stats,3
horribly,3
approval,3
career,3
treas,3
sooner,3
teller,3
kick,3
26%,3
lincoln,3
necessary,3
clown,3
shes,3
competitor,3
mming,3
lting,3
secondly,3
frontr,3
pporter,3
nlimited,3
me;,3
asia,3
landscape,3
criminals,3
army,3
whack,3
loyalty,3
principles,3
24%,3
abolishing,3
braggadocio,3
economists,3
nify,3
modern,3
medical,3
comply,3
disco,3
bah,3
reference,3
inappropriate,3
globalism,3
0%,3
harvard,3
picking,3
hardworking,3
potentially,3
entitled,3
militaristic,3
bloomberg,3
statistic,3
separately,3
flying,3
floating,3
generally,3
handed,3
fell,3
apology,3
rposes,3
skip,3
previo,3
dis,3
hotels,3
sharper,3
reviews,3
mar,3
pointed,3
stability,3
mail,3
boats,3
developments,3
eyes,3
topics,3
shocked,3
track,3
rating,3
gee,3
jv,3
similar,3
capable,3
mary,3
bathrooms,3
wisely,3
pan,3
server,3
served,3
dole,3
fringe,3
practical,3
decimated,3
caterpillars,3
$800,3
importing,3
forth,3
enced,3
campaigns,3
significantly,3
kristol,3
drained,3
extraordinary,3
18%,3
declare,3
dancing,3
headlines,3
cheaper,3
excavation,3
ike,3
gamblers,3
baltimore,3
simply,3
arenas,3
withdraw,3
pollster,3
hates,3
jolted,3
strongest,3
affects,3
pew,3
invite,3
planet,3
2003,3
enrichment,3
maryland,3
disclos,3
effectively,3
hangar,3
lg,3
dad,3
twice,3
embarrassed,3
palestine,3
ggling,3
normally,3
joke,3
comment,3
how’s,3
stores,3
bragging,3
28%,3
lake,3
flip,3
commentators,3
rging,3
whoa!,3
weaponry,3
introd,3
tweet,3
whatsoever,3
$43,3
enjoy,3
direct,3
leaves,3
changer,3
phone,3
excellent,3
escavators,3
potatoes,3
explode,3
correctness,3
fantasy,3
ballistic,3
serve,3
ctional,3
devastating,3
delays,3
minnesota,3
macy’s,3
borrowed,3
shots,3
games,3
forehead,3
armed,3
disappeared,3
cory,3
dinner,3
rely,3
lago,3
setting,3
row,3
environment,3
promoting,3
cool,3
baseball,3
thirty,3
healthy,3
1st,3
motions,3
nner,3
season,3
primaries,3
falls,3
perpetrated,3
presbyterian,3
paper,3
federal,3
contract,3
pakistan,3
62,3
69,3
minister,3
cast,3
rance,3
relief,3
it’d,3
confined,3
woman:,3
provided,3
nion,3
jeep,3
tariffs,3
applying,3
deserve,3
separate,3
lack,3
v,3
airplane,3
developer,3
generation,3
nions,3
$8,3
donor,3
reach,3
70,3
79,3
rts,3
iet,3
abiding,3
nteers,3
people;,3
confront,3
departments,3
rro,3
capital,3
chose,3
apple,3
she’ll,3
ghlin,3
ndo,3
swear,3
bestsellers,3
covered,3
campaigned,3
look!,3
crass,3
billy,3
siasm,3
caesar’s,3
lty,3
marginalizing,3
chances,3
planning,3
one;,3
99%,3
fantastically,3
stries,3
window,3
member,3
english,3
loses,3
taxpayers,3
extension,3
goodness,3
1290,3
podi,3
aggression,2
theory,2
ated,2
hero,2
ching,2
hers,2
nbreakable,2
sters,2
beneficiaries,2
rprising,2
90,2
92,2
hyatt,2
reviewing,2
damage,2
machine,2
extortion,2
keeps,2
democratic,2
slate,2
series,2
nctional,2
shipped,2
competed,2
project,2
affairs,2
simplify,2
ment,2
bliss,2
pocket,2
altogether,2
incredible;,2
stamps,2
preserve,2
carbon,2
accident,2
30th,2
ffin,2
bothers,2
privilege,2
lift,2
commerce,2
employ,2
played,2
damaged,2
rprisingly,2
marches,2
ctance,2
innocent,2
massively,2
steps,2
ole,2
offer,2
150,2
chain,2
chair,2
verbally,2
shirts,2
elton,2
jeopardy,2
concealed,2
syrians,2
printing,2
offense,2
s;,2
filthy,2
sy,2
hiring,2
tort,2
civilian,2
sponsor,2
disasters,2
investigation,2
besides,2
spoken,2
bite,2
favors,2
nicer,2
locations,2
picketing,2
aside,2
wanting,2
spewing,2
“the,2
aggressive,2
tears,2
worried,2
nprecedented,2
vaccines,2
yearly,2
boat,2
formed,2
observe,2
wires,2
swiss,2
bsidy,2
cheers,2
gingrich,2
ellen,2
preference,2
lebanon,2
arrow,2
iconic,2
legacy,2
handsome,2
regimes,2
stealing,2
abolish,2
rallies,2
tt,2
midwest,2
17th,2
t;,2
50s,2
followed,2
keeping,2
male,2
dislikes,2
biden,2
dress,2
clint,2
reyes,2
backyard,2
ncil,2
filib,2
it!,2
strangling,2
shocking,2
repressive,2
ernie,2
belief,2
lties,2
sympathies,2
immediate,2
rampant,2
determined,2
marriage,2
plaq,2
accepting,2
thorities,2
condos,2
ser,2
activists,2
31%,2
movie,2
available,2
politics;,2
targeted,2
dividend,2
scams,2
sink,2
load,2
firm,2
towns,2
cages,2
triple,2
clearance,2
demands,2
wives,2
spring,2
sight,2
behave,2
ba,2
hometown,2
katie,2
span,2
tally,2
yellen,2
lost;,2
code,2
centers,2
seemed,2
wipe,2
challenge,2
proliferation,2
women’s,2
grandchild,2
maker,2
bonds,2
stified,2
dealings,2
athlete,2
benz,2
tied,2
element,2
prosper,2
legendary,2
tenth,2
scary,2
scare,2
blown,2
travelled,2
stars,2
rchase,2
steer,2
doctor’s,2
nnels,2
visa,2
atmosphere,2
bikes,2
mmies,2
economist,2
jan,2
mmit,2
scorn,2
extremists,2
rein,2
mption,2
email,2
asyl,2
lang,2
eaton,2
denial,2
digging,2
ball,2
expand,2
innipiac,2
crack,2
emmy,2
inexperienced,2
prieb,2
stamina,2
behemoth,2
ink,2
inc,2
lately,2
again!,2
29%,2
vote!,2
phones,2
ched,2
mped,2
incompatible,2
richest,2
celebration,2
gly,2
plot,2
zeroes,2
1991,2
wore,2
era,2
indie,2
campaigning,2
moron,2
offshore,2
memorial,2
lax,2
devote,2
bang,2
37%,2
lifted,2
network,2
fellows,2
barrier,2
creates,2
chopped,2
implicated,2
wastef,2
citibank,2
powers,2
oppress,2
deepest,2
draws,2
gentleman,2
cooperation,2
climate,2
com,2
col,2
rvive,2
sachs,2
coherent,2
conf,2
hebrew,2
sailors,2
niq,2
she’d,2
photo,2
thanks,2
jose,2
board,2
disadvantage,2
trademarked,2
participation,2
$70,2
newspapers,2
ghness,2
mantle,2
wasting,2
rendering,2
lowest,2
crystal,2
weakened,2
scores,2
permanently,2
ardia,2
lators,2
strial,2
ild;,2
extra,2
ctible,2
terminal,2
heroes,2
displayed,2
taliban,2
provision,2
enacted,2
fired,2
challenged,2
opened,2
vehemently,2
‘yo,2
flipping,2
checked,2
pomp,2
taxation,2
appreciated,2
$17,2
breakfast,2
recover,2
offering,2
hoosiers,2
abraham,2
filing,2
stain,2
ssions,2
asleep,2
concern,2
learning,2
informed,2
ctive,2
editorial,2
blished,2
tradition,2
theater,2
tossing,2
civilized,2
renewed,2
opry,2
privatization,2
recorded,2
reimb,2
assemble,2
central,2
wolf,2
stealth,2
beliefs,2
sales,2
daily,2
terminating,2
$38,2
dominated,2
cookies,2
apologized,2
flaws,2
pawns,2
fa,2
anytime,2
promotes,2
rtle,2
environmentally,2
systems,2
arsenal,2
ces,2
cer,2
desperately,2
robert,2
testify,2
dirt,2
americas,2
reflected,2
identity,2
nstable,2
$9,2
circle,2
dakota,2
manitarian,2
forgotten,2
demographic,2
primetime,2
forbes,2
territory,2
empty,2
ctibility,2
conflict,2
indianapolis,2
older,2
seless,2
gaddafi,2
grossly,2
fiancee,2
envisioned,2
radicalism,2
creation,2
donaldjtr,2
dilapidated,2
competitions,2
civilization,2
goldman,2
step,2
abroad,2
faith,2
onero,2
congressman,2
ncer,2
registered,2
hail,2
interventions,2
everybody!,2
preachers,2
draw,2
hamas,2
heroine,2
tweeted,2
arrogance,2
stiff,2
positions,2
gene,2
remains,2
missile,2
somali,2
voice,2
friendlier,2
ronald,2
bsidized,2
astronomical,2
shaking,2
margins,2
withering,2
hostile,2
mankind,2
data,2
perfectly,2
nastiest,2
craziest,2
overwhelming,2
mccain;,2
bes,2
enforced,2
cranes,2
relatives,2
deploy,2
lorne,2
winner,2
joint,2
shr,2
neither,2
preparedness,2
addition,2
thanked,2
releasing,2
ote,2
rbank,2
transaction,2
taller,2
transpacific,2
distant,2
racially,2
56th,2
liking,2
monday,2
demonstrated,2
choked,2
notices,2
whoa,2
beats,2
dynamic,2
segments,2
protections,2
pper,2
deplorable,2
japanese,2
integrity,2
dry,2
tapes,2
moral,2
arms,2
typo,2
type,2
wars,2
‘oh,2
$40,2
ddle,2
becky,2
attempt,2
pittsb,2
intimidation,2
isiana,2
57th,2
ramos,2
240,2
man’s,2
ppress,2
twisted,2
hollywood,2
febr,2
bidder,2
sees,2
ming,2
seek,2
competitors,2
principle,2
alified,2
cartels,2
fields,2
bag,2
booths,2
nrest,2
00,2
wears,2
blitzer,2
concl,2
height,2
initiative,2
commission,2
tine,2
ceilings,2
defeated,2
overd,2
overt,2
settled,2
800,2
identify,2
assassination,2
character,2
signal,2
dear,2
marshal,2
fraction,2
staged,2
savage,2
died,2
gorilla,2
shop,2
manager,2
skin,2
depend,2
governments,2
bikers,2
rprise,2
targets,2
insider,2
effort,2
pageant,2
predict,2
agent,2
waist,2
writers,2
bonwit,2
sarcastic,2
ndraiser,2
description,2
rolls,2
earlier,2
cheese,2
carry,2
softballs,2
20s,2
nderstanding,2
histories,2
merkel,2
ballrooms,2
parent,2
trades,2
disappointment,2
cancer,2
firewall,2
offered,2
wake,2
border;,2
ntable,2
drain,2
gangs,2
wheelho,2
mom,2
serves,2
ltants,2
expressing,2
broker,2
island,2
bonding,2
road,2
strip,2
gravis,2
passports,2
sophisticated,2
retiring,2
colleges,2
liar,2
nite,2
grabs,2
abc,2
search,2
mentions,2
emptied,2
establish,2
asto,2
prestigio,2
nacceptable,2
gravely,2
terraza,2
acts,2
ssed,2
ssen,2
advice,2
coal,2
cked,2
wall;,2
cker,2
association,2
harm,2
projected,2
benefits,2
pilots,2
embraced,2
ssein,2
favorable,2
chart,2
rejected,2
ke,2
charitable,2
joining,2
sector,2
8,2
merchandise,2
motorcycles,2
hole,2
rivals,2
horrendo,2
solid,2
forcef,2
alternative,2
rgh,2
jobs;,2
feb,2
extensions,2
governed,2
boys,2
fracking,2
dgment,2
vehicles,2
2002,2
2000,2
2001,2
restraining,2
arpaio,2
golfer,2
carly,2
staffers,2
jointly,2
healing,2
33,2
37,2
36,2
presidents,2
train,2
iii,2
lined,2
disarm,2
wow!,2
negotiates,2
tical,2
applicants,2
personally,2
warned,2
identified,2
michaels,2
potomac,2
arkansas,2
rel,2
teleprompter,2
barriers,2
strategic,2
reached,2
sadly,2
messing,2
completed,2
disease,2
grabbed,2
knowledge,2
‘ca,2
mercedes,2
exploited,2
progress,2
janet,2
trips,2
dged,2
gaza,2
proposal,2
partner,2
scholars,2
nevertheless,2
soviet,2
seats,2
vibrant,2
ozone,2
soft,2
est,2
screwed,2
happen:,2
female,2
rce,2
wise,2
skating,2
49,2
detail,2
jeeps,2
fest,2
facilities,2
sleep,2
vastly,2
bicycle,2
consistent,2
ramps,2
$140,2
changes,2
assessment,2
shoot,2
mn,2
stadi,2
american’s,2
steelworkers,2
haired,2
gop,2
immigrated,2
restrict,2
bsidize,2
tor,2
treaty,2
radio,2
enslave,2
hostility,2
capacity,2
newt,2
ipments,2
bathroom,2
simplification,2
israel’s,2
beneficiary,2
anchors,2
smartness,2
teachers,2
experts,2
capt,2
insisted,2
mentioning,2
ocean,2
dads,2
pharmace,2
specific,2
informative,2
56,2
intellect,2
ice,2
montana,2
civil,2
accomplishments,2
gig,2
ppose,2
portions,2
sometime,2
nq,2
phoenix,2
weakening,2
sighed,2
yale,2
cyber,2
invaded,2
cripples,2
rasm,2
sports,2
bases,2
ndermine,2
semicond,2
speaks,2
gorgeo,2
moms,2
debating,2
catching,2
attended,2
bolts,2
impose,2
preach,2
wide,2
diplomatic,2
sinessmen,2
ideas,2
adopt,2
cheat,2
hack,2
believing,2
predicted,2
violated,2
$900,2
missions,2
afterwards,2
perior,2
irrelevant,2
$24,2
trip,2
persons,2
footprint,2
reward,2
violent,2
rose,2
tie,2
woman!,2
overstay,2
stops,2
declaratory,2
rising,2
determine,2
liberals,2
regard,2
75%,2
dysf,2
repatriation,2
netanyah,2
psychology,2
websites,2
telem,2
disp,2
acting,2
sband’s,2
treating,2
ten,2
estioned,2
options,2
glas,2
stick,2
glad,2
debater,2
policemen,2
eezed,2
embarrassing,2
friendship,2
something’s,2
interviews,2
rails,2
finances,2
headache,2
larly,2
rifle,2
ckers,2
skyscrapers,2
strengthen,2
electric,2
lying,2
havoc,2
costing,2
endlessly,2
penalty,2
ard,2
barn,2
latin,2
initially,2
opposition,2
competent,2
relying,2
rave,2
pp,2
nominee,2
there!,2
there;,2
1950s,2
firefighters,2
stolen,2
minim,2
holidays,2
arrived,2
edge,2
competitive,2
continent,2
violations,2
collect,2
ticking,2
thorizes,2
sections,2
repeatedly,2
entrance,2
associates,2
back;,2
fences,2
notes,2
dealt,2
makers,2
ctor,2
larger,2
apparat,2
egypt,2
chipped,2
inclined,2
cooperate,2
sweat,2
attend,2
daycare,2
z’s,2
13%,2
reilly,2
tism,2
lobbies,2
marco’s,2
related,2
disarray,2
stainable,2
priority,2
patients,2
coalesced,2
combat,2
plaintiff,2
generations,2
knowing,2
hosting,2
embarrassment,2
nable,2
rpl,2
decent,2
present,2
abandoned,2
wild,2
phenomenons,2
lightweight,2
cross,2
inch,2
itting,2
ben’s,2
rity;,2
penchant,2
miami,2
scared,2
export,2
stralia,2
mines,2
bosses,2
omnib,2
protesting,2
embolden,2
this;,2
deferment,1
woods,1
preface,1
seven:,1
ndbite,1
pfizer’s,1
27%,1
nged,1
nger,1
272,1
brexit,1
fingers,1
localized,1
reports,1
christmas’,1
magically,1
rvivor,1
cocaine,1
cheating,1
holy,1
95,1
clearsighted,1
morally,1
accomplishment,1
complaining,1
nexpected,1
fanaticism,1
regional,1
tdown,1
‘i’ll,1
18th,1
timers,1
backdrop,1
benefited,1
rewarded,1
perpower,1
“fix”,1
lator,1
airports;,1
addicted,1
cheaters,1
39%,1
390,1
mmits,1
rd,1
ra,1
nders,1
ppliers,1
newscasts,1
r:,1
silicon,1
clarity,1
engagement,1
legs,1
rewards,1
collapse,1
positively,1
idly,1
rés,1
governors;,1
doors,1
appreciates,1
fast;,1
medicare;,1
shall,1
lminate,1
conceded,1
resonated,1
rposely,1
professor,1
camp,1
ndant,1
scream,1
nominated,1
heckler,1
qaeda,1
cheaply,1
excavator,1
foolishly,1
pretzel,1
shner,1
bles,1
bleh,1
score,1
cordoned,1
estates,1
tinge,1
ster’s,1
spanish;,1
ppets,1
money;,1
250,1
standard”,1
dots,1
moneys,1
professionally,1
said:,1
mvees,1
democracies,1
harmony,1
nny;,1
boiler,1
thing:,1
letterman,1
pertinent,1
poses,1
desire,1
22kill,1
remind,1
misled,1
czech,1
despair,1
lacked,1
nixon,1
facility,1
magazines,1
physicists,1
statement;,1
hemisphere,1
nicest,1
dealer,1
flood,1
roll,1
ltant,1
rolling,1
romney’s,1
breadth,1
midst,1
ven,1
bbles,1
wharton,1
gloomy,1
orientations,1
rchasers,1
siastic,1
veteran:,1
foreign;,1
ntry;,1
crashing,1
boost,1
bloods,1
prefer,1
ipo,1
cherishes,1
predictions,1
loving,1
assimilation,1
approving,1
abortion,1
ggles,1
admired,1
constant;,1
232,1
divided,1
s!,1
reassessment,1
shockingly,1
golfers,1
sn,1
sm,1
professors,1
modestly,1
recipients,1
corroded,1
smarten,1
battleships,1
entering,1
abide,1
arends,1
seventy,1
training,1
bothersome,1
opec,1
tinely,1
solitarily,1
paramo,1
dealmakers,1
antiq,1
specialists,1
photographic,1
depressed,1
rches,1
stly,1
damned,1
prospect,1
illness,1
father’s,1
allen,1
sap,1
intends,1
ford’s,1
golan,1
lawn,1
lawf,1
defeating,1
sades,1
wynn,1
who’ll,1
grandmasters,1
crazy;,1
press;,1
nashltionally,1
job;,1
wielding,1
sites,1
“voted,1
odierno,1
adept,1
flipped,1
mane,1
baden,1
motives,1
reflective,1
‘the,1
photos,1
prepostero,1
engaged,1
technology,1
threatens,1
eling,1
tional,1
21%,1
blemakers,1
aspects,1
rhetoric,1
traffic,1
niforms,1
discarded,1
refer,1
intimate,1
five:,1
disparaging,1
package,1
ffer,1
choppers,1
yay!,1
cared,1
sealed,1
citizenship,1
straightens,1
watches,1
ap,1
tight,1
waving,1
intimation,1
brotherhood,1
63%,1
instincts,1
mns,1
scc,1
tz,1
champions,1
smile,1
ta,1
blockade,1
pbs,1
joined,1
swirling,1
harry,1
americans’,1
displays,1
pass,1
19%,1
investment,1
hasn,1
escaping,1
sarasota,1
portrays,1
prior,1
price—not,1
pling,1
vis,1
gosh,1
teen,1
rately,1
fictitio,1
statisticians,1
dismissed,1
earnings,1
intended,1
never;,1
broadcasting,1
helplessly,1
49%,1
embassy,1
btract,1
all!,1
tton,1
all;,1
exorbitant,1
doses,1
o’clock,1
signings,1
highway,1
rises,1
w,1
reversing,1
slipped,1
president’s,1
jer,1
headq,1
litany,1
remember:,1
remembers,1
brining,1
deal’s,1
fireside,1
wisconsin’s,1
firsthand,1
rdays,1
arter,1
tpo,1
dragged,1
defender,1
rteenth,1
dependent,1
remedy,1
preparing,1
1400,1
approaching,1
sef,1
sanders’s,1
lee,1
shower,1
spirits,1
incident,1
selectively,1
theatrical;,1
allegiance,1
coincidence,1
romney;,1
‘one,1
sweetheart,1
awake,1
admire,1
robin,1
seams,1
hoping,1
said—,1
choking,1
thetory,1
leaps,1
picks,1
inflation,1
obamacare’s,1
miliation,1
‘b,1
nfairly,1
advertisements,1
someone’s,1
signals,1
emergency,1
tsa,1
imposed,1
rray’s,1
transactions,1
vetdogs,1
shooters,1
crooks,1
dictated,1
deserves,1
osama,1
primarily,1
repaid,1
lebron,1
nabsico,1
specifically,1
thirdly,1
:,1
pastor,1
inched,1
posted,1
yelled,1
strong;,1
raging,1
diverse,1
tomatically,1
energetic,1
sided,1
ndamental,1
fresh,1
partial,1
softer,1
longstanding,1
disappears!,1
video,1
odd,1
that!,1
ct;,1
consistently,1
twins,1
that:,1
flowing,1
charade,1
leg,1
delivering,1
receive,1
bookkeeping,1
thats,1
confidence,1
sharply,1
balls,1
emerson,1
pawn,1
nways,1
weaken,1
graveyards,1
fits,1
“gold,1
realized,1
realizes,1
hotcakes,1
2015,1
hijackers,1
2017,1
2011,1
2012,1
intelligent,1
textbooks,1
sion,1
bay,1
witness,1
marianas,1
embarrass,1
defining,1
brand’s,1
things;,1
scene,1
have=,1
owner,1
anyone;,1
ordering,1
americanism;,1
backdoor,1
two:,1
ayeyayay,1
haven,1
warfare,1
wollman,1
bother,1
disband,1
negatively,1
rvivors,1
poisono,1
worldwide,1
pting,1
persede,1
biker,1
jay,1
riding,1
jab,1
sicians,1
listened,1
michigan—the,1
bondi,1
committees,1
nist,1
edition,1
38%,1
migrations,1
orlando’s,1
restrictions,1
challengers,1
invited,1
are;,1
etc,1
petrified,1
kasich’s,1
invites,1
coal;,1
tility,1
atlanta,1
antanamo,1
ffaloed,1
rips,1
sits,1
incorrect,1
logic,1
nationally,1
350,1
drawing,1
newest,1
negligence,1
too—mr,1
enemy:,1
wee,1
rveillance,1
nted,1
checking,1
atrophy,1
gaining,1
habitat,1
larity,1
doer,1
hair’s,1
blowing,1
sister,1
lifestyle,1
now!,1
screamed,1
mero,1
terminated,1
worked!,1
lowered,1
waitlists,1
candidacy,1
excitement,1
placed,1
recognize,1
variety,1
behold,1
predominant,1
reckless,1
mbers!,1
in:,1
again;,1
inspiration,1
47%,1
tted,1
oldest,1
slowest,1
perishable,1
distort,1
impinged,1
delegate,1
1940s,1
officially,1
privileges;,1
syrac,1
foolishness,1
whitewater,1
servicemen,1
angrily,1
comcast,1
sweated,1
award,1
championships,1
1993,1
1997,1
scitate,1
india,1
verify,1
beach,1
fever,1
coined,1
weapons;,1
periority,1
chilled,1
greet,1
satisfied,1
sive,1
somewhere,1
trageo,1
split,1
lifelong,1
spigot,1
tradespeople,1
$51,1
$55,1
peoples’,1
maniacs,1
forts,1
imperialists,1
dges,1
vetoed,1
brady’s,1
recovering,1
renew,1
oppose,1
airb,1
approximately,1
40th,1
dogs,1
mented,1
binds,1
manner,1
laden,1
practices,1
bracket,1
reserve,1
enjoyed,1
capitol,1
predecessor,1
vividly,1
covering,1
libelo,1
depends,1
drawn,1
ile,1
wall’s,1
brad,1
petty,1
engines,1
drafting,1
$300,1
excite,1
applied,1
applies,1
skipping,1
saddam,1
blames,1
blamed,1
nit,1
1978,1
1974,1
ths,1
nnecessary,1
thankf,1
amvets,1
victim,1
photographer,1
mocked,1
arab,1
cooley,1
virgins,1
wait’s,1
bore,1
six:,1
pose,1
properties,1
trophy,1
$71,1
$77,1
impenetrable,1
$79,1
tsmarting,1
float,1
deception,1
freelancer,1
vatican,1
emotional,1
promises,1
ssia’s,1
potholes,1
prayer,1
disloyal,1
dynasties,1
convincing,1
weirdest,1
o’reilly,1
cheated,1
painting,1
precedent,1
switched,1
terrorist’s,1
battle,1
killings,1
honoring,1
graph,1
brown,1
protective,1
forgiving,1
aggressively,1
niversal,1
nothing’s,1
helpless,1
jealo,1
trivial,1
shares,1
‘merry,1
sieve,1
flames,1
43%,1
water’s,1
retired,1
prove,1
retweeted,1
angels,1
sharons,1
commissioner,1
slogan,1
cap,1
rderers,1
incidents,1
spy,1
establishment’s,1
hears,1
expanding,1
hatzalah,1
story’s,1
dominance,1
whacked,1
embassies,1
serving,1
ratified,1
cole,1
halt,1
wont,1
james,1
entirely,1
er,1
accomplish,1
rational,1
barak,1
cycles,1
pertains,1
british,1
invitation,1
promotion,1
sarcastically,1
bling,1
stephanopo,1
asive,1
$14,1
decapitated,1
distorted,1
q&a,1
attempting,1
dderless,1
copyrighted,1
while;,1
maine,1
proportion,1
skits,1
pollsters,1
charities,1
homegrown,1
attached,1
israeli,1
tackling,1
import,1
comeback,1
pertain,1
hijackists,1
inexpensively,1
exploit,1
adkins,1
dictator,1
nickla,1
ardian,1
wealthiest,1
kenya,1
noble,1
robocalls,1
complained,1
storming,1
legitimately,1
senseless,1
iphones,1
manely,1
amb,1
listening,1
amt,1
martyrs,1
endorses,1
wheat,1
flinched,1
ideology,1
intent,1
protests,1
intervention,1
exonerated,1
ares,1
gratef,1
liani,1
copied,1
stanford,1
60%,1
salem,1
ltaneo,1
credibility,1
core;,1
evenings,1
mathematics,1
forcing,1
coverage,1
$30,1
revoke,1
mp;,1
foster,1
spain,1
pledges,1
pervisor,1
randomness,1
heaven,1
fence,1
there’ll,1
him;,1
investing,1
loose,1
answers,1
elsewhere;,1
tdated,1
colored,1
losses,1
disassociate,1
toys,1
ndergro,1
chaotic,1
nebraska,1
747,1
ptcy,1
phrase,1
firmly,1
ptness,1
sneak,1
inconceivable,1
fl,1
renewing,1
wreaking,1
defying,1
heros,1
finer,1
occasions,1
bergdahl;,1
bless,1
referred,1
heavy,1
inspections,1
visions,1
recr,1
matthews,1
expecting,1
exponentially,1
partnerships,1
miso,1
jordan,1
financing,1
sty,1
alongside,1
approves,1
hired,1
eaten,1
ining,1
physics,1
phenomenol,1
northern,1
mmary,1
randy,1
“in,1
meanwhile,1
person’s,1
trees,1
alexander,1
sacrifices,1
x,1
throwing,1
conditions,1
stamp,1
box,1
doggers,1
000%,1
bidding,1
like;,1
pact,1
socialist,1
shaw,1
ently,1
tched,1
discredit,1
pgrade,1
holts,1
poland,1
weakest,1
maepgessenger,1
reviewed,1
remaining,1
latively,1
march,1
defies,1
overriding,1
signat,1
28th,1
describing,1
baby’,1
benefactor,1
lakes,1
stem,1
vincente,1
aye,1
ggested,1
tightly,1
pentagon,1
heritage,1
ideals,1
daylight,1
nah,1
nam,1
application,1
smiley,1
npredictability,1
resolving,1
esday,1
manity,1
politician;,1
eradicated,1
doen,1
airliners,1
gi,1
passion,1
wave,1
deformed,1
carter,1
booth,1
cartel,1
honors,1
cell,1
filings,1
honor;,1
convert,1
veered,1
oversees,1
patents,1
manage,1
revol,1
addressed,1
wit,1
fibs,1
camera,1
israelis,1
appointed,1
owners;,1
hesitate,1
embodiment,1
chevrolet,1
located,1
farm,1
ires,1
ired,1
tfit,1
llet,1
agenda,1
converting,1
masses,1
backers,1
masters,1
mode,1
ankles,1
separating,1
globs,1
time;,1
activist,1
shambles,1
achievements,1
torres,1
drowning,1
lances,1
precisely,1
wrapped,1
jeffress,1
rst,1
beg,1
bed,1
lightly,1
microphone,1
battles,1
intentions,1
vengeance,1
51,1
$505,1
impression,1
partners,1
earned,1
perlm,1
12%,1
128,1
leases,1
aye!,1
evident,1
expansions,1
insist,1
blicly,1
resonants,1
desperate,1
piter,1
braggingly,1
nightmare,1
atri,1
tent,1
kicking,1
kes,1
limits,1
“expediency,1
franchise,1
cent,1
slowly,1
digger,1
debtor,1
intimidate,1
fiance,1
més,1
hearted,1
fierce,1
spree,1
energized,1
paycheck,1
obstacles,1
rink,1
part:,1
claiming,1
hispanics—46%,1
dose,1
patsy,1
coordination,1
headed,1
ccesses,1
recommissioning,1
taping,1
sized,1
twitter,1
heartache,1
bio’s,1
demonstrates,1
obselete,1
medieval,1
expansion,1
prohibited,1
misrepresentation,1
recognized,1
recognizes,1
reptile,1
additional,1
blaming,1
cells,1
display,1
diligently,1
ndoc,1
reservations,1
penny,1
kissed,1
contest,1
dlow,1
backstage,1
additionally,1
appoint,1
indirectly,1
asian,1
captain,1
pensions,1
onstage,1
ppet,1
void,1
railways,1
smack,1
reforms,1
affect,1
lefthand,1
@realdonaldtr,1
pension;,1
skills,1
rdens,1
brimming,1
pside,1
ncles,1
pander,1
lights,1
helmets,1
deemed,1
drew,1
active,1
patches,1
economics,1
hokey,1
disaster;,1
drowned,1
broadcasters,1
right!,1
somber,1
the–,1
dividers,1
tistic,1
replacing,1
cadillac,1
egos,1
royce,1
68%,1
operate,1
fortify,1
hezbollah,1
then;,1
downs,1
meas,1
arrested,1
roast,1
bone,1
bond,1
afforded,1
trading,1
navy,1
aids,1
is;,1
content,1
deceived,1
ish,1
ise,1
floors,1
hood,1
read:,1
somewhat,1
affront,1
princeton,1
enabled,1
preparation,1
silly,1
deserving,1
spoiled,1
mini,1
emphasizing,1
seem,1
ckily,1
chess,1
see;,1
deliberate,1
dog,1
retire,1
stabbing,1
jailed,1
wearing,1
exports,1
boeing’s,1
coast,1
ears,1
testing,1
brazil,1
sail,1
artificial,1
olympics,1
excavate,1
distinction,1
gps,1
tlier,1
asks,1
kristol’s,1
detrimental,1
renegotiation,1
lovely,1
16%,1
16;,1
isis’s,1
tank,1
economies,1
conspiracy,1
alities,1
iq,1
farsi,1
sidelines,1
capacities,1
meets,1
declaring,1
decapitating,1
kid,1
practiced,1
materials,1
investments,1
germany!,1
vanessa,1
dreams,1
reven,1
predicting,1
oreo,1
afternoon,1
commit,1
ghkeepsie,1
managers,1
formerly,1
ffered,1
appoints,1
americanism,1
1990s,1
22s,1
fork,1
22%,1
what:,1
fore,1
31st,1
lie:,1
atrocities,1
protestant,1
kpzcompanies,1
stages,1
strengthening,1
toss,1
facilitator,1
covers,1
not;,1
fashioned,1
expecting—a,1
diet,1
resect,1
jones,1
jacket,1
managed,1
mile,1
milk,1
moratori,1
answered,1
praised,1
swoop,1
marks,1
talker,1
adds,1
transportation,1
french,1
deceit,1
here;,1
canadian,1
bow,1
state’s,1
merely,1
patriots,1
licensing,1
mackeral,1
gonzo,1
bobbsey,1
pers,1
tokyo,1
rnalists,1
glorifying,1
siness;,1
nthinkable;,1
nsalvageable,1
bmit,1
147,1
max,1
snl,1
14;,1
14%,1
aimless,1
switch,1
basket,1
ndamentalists,1
shield,1
msnbc,1
months;,1
romneycare,1
assimilate,1
candidates’,1
girl,1
emerged,1
dominate,1
cnbc’s,1
singling,1
incompetently,1
cetain,1
pliblg,1
cracks,1
manassas,1
voices,1
comedian,1
speakers,1
efficient,1
cted,1
collapsed,1
201,1
coveted,1
mettle,1
larry,1
tstanding,1
representatives,1
bcontractors,1
media:,1
hostage,1
spellbo,1
deferral,1
honesty,1
seas,1
enco,1
indicted,1
registering,1
label,1
doing;,1
dates,1
blasts,1
78%,1
remake,1
cla,1
certify,1
dramatic,1
characteristics,1
rally,1
bags,1
harsh,1
pam,1
scorned,1
movement;,1
jeb’s,1
easing,1
nday,1
gates,1
backs,1
pils,1
mcdonald,1
infectio,1
docks,1
grid,1
railroad,1
grin,1
nato’s,1
facing,1
escalators,1
rable,1
lotto,1
knife,1
stations,1
airline,1
lasting,1
skilled,1
airlines,1
downed,1
proportionately,1
strikes,1
caterpillar;,1
powerless,1
affection,1
maxed,1
deterrent,1
film,1
amendments,1
drivers,1
rface,1
of’,1
niform,1
craftsmen,1
bravest,1
forged,1
modernization,1
destroyers,1
talk;,1
pre,1
lawyer,1
‘donald,1
marksmen,1
brackets,1
rers,1
ickest,1
operating,1
500%,1
90%,1
clapping,1
shareholders,1
eye,1
comparing,1
impressionable,1
wipes,1
itar,1
controlling,1
vladimir,1
der,1
dew,1
paragraph,1
strategies,1
deb,1
fiorina,1
sharp,1
fame,1
mstances,1
deserter,1
hotel—i,1
rifles,1
finalized,1
heartfelt,1
nconditionally,1
radar,1
arrogant,1
26,1
forthwith,1
bosom,1
penn,1
—there,1
rant,1
token,1
lative,1
extended,1
connect,1
participants,1
flowed,1
mmy,1
instances,1
twenty,1
186,1
185,1
compliments,1
swerve,1
happens;,1
aged,1
ncers,1
significant,1
bbed,1
immac,1
rebels,1
commissions,1
scattered,1
idiots,1
permission,1
pelley,1
silk,1
cozy,1
escaped,1
donate,1
seeded,1
dividends,1
trage,1
solely,1
blishers,1
prices,1
lings,1
replaces,1
prognosticator,1
copying,1
proved,1
ray,1
koch,1
timid,1
percentages,1
chemistry,1
openly,1
wage,1
rga,1
deliberately,1
administrative,1
bin,1
adversaries,1
bid,1
semi,1
follows,1
glove,1
google,1
extremism,1
delegation,1
lara,1
eliminate,1
commentator,1
cameraman,1
301,1
opponent,1
mavericks,1
niversity—do,1
mbers—who,1
leno,1
lens,1
lent,1
here—in,1
2005,1
2008,1
helpf,1
afghanistan;,1
maryanne,1
arrange,1
severely,1
demonstrations,1
copenhagen,1
depression,1
exercise,1
3d,1
body,1
exchange,1
39,1
38,1
34,1
oval,1
swenden,1
trait,1
astoria,1
trail,1
oil!,1
ch;,1
line;,1
nyielding,1
bothered,1
nastily,1
chief,1
revived,1
sness,1
dan,1
mandate,1
matt,1
iting,1
frank,1
clarify,1
approaches,1
yard,1
calderon,1
monkey,1
gear,1
ld—they,1
beheadings,1
comfortable,1
demonstration,1
continents,1
recap,1
mid,1
mis,1
mit,1
‘the’,1
fantastic;,1
sh’s,1
capita,1
artificially,1
charles,1
inspiring,1
nabisco’s,1
finger,1
timing,1
teams,1
exists,1
greece,1
pattern,1
ralph,1
hadn’t,1
boss,1
revoked,1
moderators,1
vent,1
done;,1
“leading,1
copies,1
ys;,1
sical,1
japan’s,1
airplanes,1
angles,1
synagog,1
fellow,1
homes,1
ncle,1
practice,1
shamed,1
interpol,1
adr,1
work!,1
mathematically,1
work;,1
ada,1
adj,1
match,1
tests,1
heed,1
1stand,1
alive,1
rattlesnake,1
regain,1
host,1
expire,1
boards,1
happen;,1
predictor,1
sarah’s,1
smarts,1
landscaping,1
repeated,1
partially,1
nreal,1
incentivize,1
48,1
corporation,1
cashed,1
estions;,1
8th,1
legacies,1
hating,1
34%,1
poorest,1
spec,1
$48,1
pride,1
caterpillar’s,1
jack,1
’04,1
welfare,1
frosted,1
disciplined,1
borrowings,1
leave!,1
disney,1
kicked,1
represented,1
precio,1
offs,1
company;,1
asses,1
asset,1
graydon,1
off;,1
they;re,1
dodd,1
henry,1
loosen,1
preserving,1
mexicans—many,1
illicit,1
charging,1
poker,1
elizabeth,1
imaginable,1
miliations,1
dience:,1
harley,1
beside,1
destroyer,1
expectations,1
notified,1
ngstown,1
celebrating,1
railed,1
driving,1
desertion,1
laid,1
banning,1
associate,1
eternal,1
fred,1
tter;,1
evil,1
freq,1
workers’,1
priorities,1
heck,1
go:,1
aspire,1
philosophical,1
tot,1
heights,1
ankle,1
bloated,1
dshtidn,1
fashion,1
ram,1
media’s,1
relatively,1
degenerates,1
snow,1
1962,1
rides,1
coin,1
rancic,1
tanzania,1
gravitas,1
enterprise,1
inspire,1
random,1
deal’,1
spite,1
540,1
wareho,1
criticizes,1
bai;,1
knocks,1
tation,1
habit,1
demented,1
36%,1
$68,1
approach,1
$60,1
handwritten,1
deposed,1
prizefighter,1
wear,1
mildly,1
epidemic,1
karen,1
comprehension,1
2205,1
roped,1
catch,1
weren,1
cracked,1
expenses,1
misspoke,1
containing,1
several,1
made!,1
charlie,1
savings,1
impediment,1
proposed,1
technological,1
intertwined,1
59,1
57,1
peacemaker,1
rray,1
nwanted,1
espionage,1
newcomer,1
genocide,1
efforts,1
ferg,1
achilles,1
85%,1
abysmal,1
differences,1
26th,1
heap,1
removed,1
bids,1
simplifying,1
waldorf,1
nj,1
pledging,1
whereas,1
stagnant,1
reconsider,1
toad,1
serta,1
apologizing,1
landed,1
stices,1
‘anchor,1
leads,1
1947,1
passage,1
hammers,1
ckabee,1
environmentalist,1
winning;,1
wallets,1
incitement,1
“job,1
port,1
colic,1
52%,1
stando,1
windchill,1
52s,1
corp,1
tweak,1
myself;,1
crisis,1
handled,1
wrecking,1
abbas,1
memory,1
three:,1
ferry,1
inexperience,1
stroke,1
nanimo,1
ballroom,1
impartial,1
birthday,1
eighth,1
scammers,1
rebalancing,1
platform,1
farmer,1
hamilton,1
niversity’s,1
cheerleader;,1
advent,1
possibilities,1
lambasted,1
exclamation,1
tensions,1
kent,1
nned,1
waves,1
soaring,1
pbeat,1
district,1
plastic,1
renderings,1
cameras;,1
released,1
copy,1
sers,1
ang,1
hands;,1
betrayal,1
trafficking,1
vetted,1
ss:,1
reinvigorate,1
cheap,1
ncing,1
begging,1
expectation,1
freaking,1
reveal,1
joked,1
bye!,1
parking,1
farmers,1
review,1
commitments,1
golfing,1
toying,1
grieves,1
nderneath,1
efficiency,1
weapon;,1
deported,1
prayed,1
29,1
65,1
estioning,1
68,1
ivalency,1
—like,1
pilot,1
shops,1
nderstood,1
nhappy,1
participant,1
bowe,1
bows,1
incomptent,1
excavated,1
prospered,1
nches,1
ncher,1
slims;,1
stake,1
risking,1
lavish,1
rmoil,1
democrat’s,1
ntry—they,1
mbered,1
‘i,1
vanished,1
partnership”,1
kennedy,1
patrick,1
pregnant,1
moon,1
provides,1
calmed,1
nails,1
charts,1
gary,1
incongr,1
valley,1
vicente,1
757,1
amongst,1
promote,1
sleazy,1
grass,1
taylor,1
frighten,1
britain,1
resonating,1
briefly,1
championship,1
finale,1
finals,1
bilateral,1
odds,1
lace,1
alb,1
diplomacy,1
song,1
sons,1
ranting,1
liars,1
flick,1
steinle,1
ter,1
deeply,1
booing,1
rvat,1
family’s,1
sticking,1
know;,1
screens,1
rke,1
faint,1
flat,1
pporter’s,1
tline,1
debated,1
abandonment,1
breaking,1
embargoing,1
weaknesses,1
footer,1
ards,1
ordierno,1
disabled,1
rnaro,1
jacobs,1
strange,1
calm,1
framework,1
weight,1
hilt,1
teach,1
generate,1
lag,1
jet,1
thread,1
delegitimize,1
fallen,1
throws,1
mexico;,1
dini,1
icker,1
slower,1
totalitarianism,1
lobby,1
recovered,1
explodes,1
risky,1
liabilities,1
lewandowski,1
rvives,1
cleaned,1
nights,1
finding,1
mentality,1
73,1
tomobiles,1
dealers,1
night!,1
notch,1
fond,1
deserts,1
timeless,1
activity,1
relentless,1
mechanically,1
‘and,1
license,1
tcomes,1
blazed,1
flies,1
decline,1
incomes,1
advertise,1
brokers,1
shove,1
frozen,1
engineers,1
rio,1
restraint,1
flows,1
flown,1
contractors,1
people!,1
magnified,1
starved,1
gorbachev,1
people:,1
governmental,1
shovels,1
monstro,1
there’ve,1
libyan,1
67%,1
skeptical,1
systematically,1
ignore,1
mortagage,1
o’malley,1
pros,1
intense,1
vaccine,1
firing,1
range,1
credible,1
mommy,1
impressed,1
analyze,1
rinas,1
files,1
girlfriends,1
embarassed,1
deployed,1
divisive,1
rainy,1
eschelons,1
backbone,1
ctability,1
happier,1
tshell,1
impatient,1
windy,1
thority,1
fortresses,1
breach,1
wished,1
misinterpretation,1
arters,1
hero’s,1
traveling,1
’tis,1
christians’,1
fermenting,1
obey,1
$100!,1
worships,1
traitor;,1
nazis,1
metro,1
shoved,1
apply,1
redo,1
fec,1
ined,1
olmert,1
ineq,1
that’ll,1
stabilized,1
critic,1
proof,1
arafat,1
tar,1
pad,1
hilton,1
syndrome,1
traders,1
brian,1
rvey,1
sim,1
stamped,1
holiday,1
material,1
articles,1
prosec,1
rockets,1
champ,1
8%,1
lobbied,1
relates,1
80,1
category,1
crashes,1
respectf,1
honorable,1
maintains,1
conversation,1
icide,1
salient,1
accent,1
shrooming,1
diminish,1
richer,1
angle,1
agency,1
fricking,1
dent,1
pipe,1
prisoners;,1
one:,1
feat,1
rried,1
fans,1
bogged,1
dope,1
democrat;,1
keep—as,1
viet,1
confrontational,1
rsement,1
dly,1
agencies,1
aircraft,1
bronx,1
737,1
environment;,1
painted,1
exploding,1
improved,1
choices,1
crative,1
ave,1
privileges,1
alzheimer’s,1
ntain,1
retrib,1
conceived,1
heavily,1
backroom,1
happiness,1
sky,1
boon,1
provisions,1
who’ve,1
elevators,1
empire,1
employment,1
118,1
jeremy,1
aranteed,1
mined,1
that’d,1
stab,1
deficit”,1
yanked,1
brilliantly,1
van,1
vac,1
intention,1
demonstrate,1
broadly,1
horrific,1
betrayed,1
ivanka’s,1
illinois,1
kinds,1
heidi,1
expands,1
